{
    "name": "root",
    "gauges": {
        "CollectAll.Policy.Entropy.mean": {
            "value": 1.2469202280044556,
            "min": 1.2466069459915161,
            "max": 1.4372183084487915,
            "count": 35
        },
        "CollectAll.Policy.ExtrinsicValueEstimate.mean": {
            "value": 0.1427106261253357,
            "min": -0.8018652200698853,
            "max": 0.24614310264587402,
            "count": 35
        },
        "CollectAll.Losses.PolicyLoss.mean": {
            "value": 0.24411131129478925,
            "min": 0.23871807995316263,
            "max": 0.25430793253212886,
            "count": 35
        },
        "CollectAll.Losses.ValueLoss.mean": {
            "value": 0.043773833503543254,
            "min": 0.010966016214019993,
            "max": 0.08872249567440843,
            "count": 35
        },
        "CollectAll.Policy.LearningRate.mean": {
            "value": 9.328462374385806e-05,
            "min": 9.328462374385806e-05,
            "max": 0.0002962518243263154,
            "count": 35
        },
        "CollectAll.Policy.Epsilon.mean": {
            "value": 0.13109485161290324,
            "min": 0.13109485161290324,
            "max": 0.19875060769230768,
            "count": 35
        },
        "CollectAll.Policy.Beta.mean": {
            "value": 0.00016236477290322584,
            "min": 0.00016236477290322584,
            "max": 0.0004938779776923076,
            "count": 35
        },
        "CollectAll.Environment.EpisodeLength.mean": {
            "value": 828.1538461538462,
            "min": 263.9074074074074,
            "max": 999.0,
            "count": 35
        },
        "CollectAll.Environment.CumulativeReward.mean": {
            "value": 1.6153846153846154,
            "min": -1.5454545454545454,
            "max": 3.888888888888889,
            "count": 35
        },
        "CollectAll.Policy.ExtrinsicReward.mean": {
            "value": 1.6153846153846154,
            "min": -1.5454545454545454,
            "max": 3.888888888888889,
            "count": 35
        },
        "CollectAll.IsTraining.mean": {
            "value": 1.0,
            "min": 1.0,
            "max": 1.0,
            "count": 35
        }
    },
    "metadata": {
        "timer_format_version": "0.1.0",
        "start_time_seconds": "1619943645",
        "python_version": "3.7.7 (default, May  6 2020, 11:45:54) [MSC v.1916 64 bit (AMD64)]",
        "command_line_arguments": "D:\\Anaconda\\envs\\game_env\\Scripts\\mlagents-learn config/CollectAll.yaml --run-id=Ray --force",
        "mlagents_version": "0.22.0",
        "mlagents_envs_version": "0.22.0",
        "communication_protocol_version": "1.2.0",
        "pytorch_version": "1.7.1+cpu",
        "numpy_version": "1.18.1",
        "end_time_seconds": "1619945420"
    },
    "total": 1774.4383990000001,
    "count": 1,
    "self": 0.011822400000255584,
    "children": {
        "run_training.setup": {
            "total": 0.029744299999999946,
            "count": 1,
            "self": 0.029744299999999946
        },
        "TrainerController.start_learning": {
            "total": 1774.3968323,
            "count": 1,
            "self": 2.402934299989738,
            "children": {
                "TrainerController._reset_env": {
                    "total": 11.0919145,
                    "count": 1,
                    "self": 11.0919145
                },
                "TrainerController.advance": {
                    "total": 1760.7614059000105,
                    "count": 39546,
                    "self": 1.0875910000290787,
                    "children": {
                        "env_step": {
                            "total": 1759.6738148999814,
                            "count": 39546,
                            "self": 1629.8146126999457,
                            "children": {
                                "SubprocessEnvManager._take_step": {
                                    "total": 128.85408070002745,
                                    "count": 39546,
                                    "self": 4.594024700029394,
                                    "children": {
                                        "TorchPolicy.evaluate": {
                                            "total": 124.26005599999806,
                                            "count": 39147,
                                            "self": 14.718463900002988,
                                            "children": {
                                                "TorchPolicy.sample_actions": {
                                                    "total": 109.54159209999507,
                                                    "count": 39147,
                                                    "self": 109.54159209999507
                                                }
                                            }
                                        }
                                    }
                                },
                                "workers": {
                                    "total": 1.0051215000083698,
                                    "count": 39545,
                                    "self": 0.0,
                                    "children": {
                                        "worker_root": {
                                            "total": 1760.4661559999952,
                                            "count": 39545,
                                            "is_parallel": true,
                                            "self": 240.0067781999751,
                                            "children": {
                                                "steps_from_proto": {
                                                    "total": 0.0011179999999999524,
                                                    "count": 1,
                                                    "is_parallel": true,
                                                    "self": 0.00018279999999926133,
                                                    "children": {
                                                        "_process_vector_observation": {
                                                            "total": 0.000935200000000691,
                                                            "count": 4,
                                                            "is_parallel": true,
                                                            "self": 0.000935200000000691
                                                        }
                                                    }
                                                },
                                                "UnityEnvironment.step": {
                                                    "total": 1520.4582598000202,
                                                    "count": 39545,
                                                    "is_parallel": true,
                                                    "self": 7.10267900002691,
                                                    "children": {
                                                        "UnityEnvironment._generate_step_input": {
                                                            "total": 29.903327099998002,
                                                            "count": 39545,
                                                            "is_parallel": true,
                                                            "self": 29.903327099998002
                                                        },
                                                        "communicator.exchange": {
                                                            "total": 1446.132727700011,
                                                            "count": 39545,
                                                            "is_parallel": true,