{"cameraMode":{"drawMode":0,"name":"Shaded","section":"Shading Mode"},"sceneLighting":false,"audioPlay":false,"sceneViewState":{"showFog":false,"showMaterialUpdate":false,"showSkybox":false,"showFlares":false,"showImageEffects":false,"showParticleSystems":false},"in2DMode":false,"pivot":{"x":1.0220298767089844,"y":0.9959579706192017,"z":0.0},"rotation":{"x":0.40849053859710696,"y":-0.019165808334946634,"z":0.008579549379646778,"w":0.9125226736068726},"size":29.008764266967775,"orthographic":false}