{"cameraMode":{"drawMode":0,"name":"Shaded","section":"Shading Mode"},"sceneLighting":true,"audioPlay":false,"sceneViewState":{"showFog":true,"showMaterialUpdate":true,"showSkybox":true,"showFlares":true,"showImageEffects":true,"showParticleSystems":true},"in2DMode":false,"pivot":{"x":94.61457061767578,"y":-5.083889007568359,"z":-3.04123592376709},"rotation":{"x":0.5604238510131836,"y":0.001242307247593999,"z":-0.0008406389970332384,"w":0.8282045125961304},"size":92.84922790527344,"orthographic":false}