{"cameraMode":{"drawMode":0,"name":"Shaded","section":"Shading Mode"},"sceneLighting":false,"audioPlay":false,"sceneViewState":{"showFog":true,"showMaterialUpdate":true,"showSkybox":false,"showFlares":true,"showImageEffects":true,"showParticleSystems":true},"in2DMode":false,"pivot":{"x":-6.206716537475586,"y":0.5747236013412476,"z":-2.0916361808776857},"rotation":{"x":0.04817144572734833,"y":0.9480985403060913,"z":-0.17487472295761109,"w":0.2611657679080963},"size":1.731295108795166,"orthographic":false}