{"cameraMode":{"drawMode":0,"name":"Shaded","section":"Shading Mode"},"sceneLighting":false,"audioPlay":false,"sceneViewState":{"showFog":false,"showMaterialUpdate":false,"showSkybox":false,"showFlares":false,"showImageEffects":false,"showParticleSystems":false},"in2DMode":false,"pivot":{"x":0.986076295375824,"y":-1.9137344360351563,"z":1.878511667251587},"rotation":{"x":0.3558942675590515,"y":-0.011213955469429493,"z":0.004270917735993862,"w":0.9344499707221985},"size":14.577322006225586,"orthographic":false}