{"cameraMode":{"drawMode":0,"name":"Shaded","section":"Shading Mode"},"sceneLighting":false,"audioPlay":false,"sceneViewState":{"showFog":true,"showMaterialUpdate":true,"showSkybox":false,"showFlares":true,"showImageEffects":true,"showParticleSystems":true},"in2DMode":false,"pivot":{"x":-7.440000057220459,"y":1.5299999713897706,"z":0.0},"rotation":{"x":0.03180878236889839,"y":0.9579698443412781,"z":-0.2598711848258972,"w":0.11725752800703049},"size":1.0000274181365967,"orthographic":false}