{"cameraMode":{"drawMode":0,"name":"Shaded","section":"Shading Mode"},"sceneLighting":true,"audioPlay":false,"sceneViewState":{"showFog":true,"showMaterialUpdate":true,"showSkybox":true,"showFlares":true,"showImageEffects":true,"showParticleSystems":true},"in2DMode":false,"pivot":{"x":1.7699999809265137,"y":0.9919157028198242,"z":0.8220877647399902},"rotation":{"x":0.3140908181667328,"y":-0.0028481746558099987,"z":0.0009422769071534276,"w":0.9493887424468994},"size":12.9699125289917,"orthographic":false}