{
    "name": "root",
    "gauges": {
        "CollectAll.Policy.Entropy.mean": {
            "value": -0.7997798919677734,
            "min": -0.8129453063011169,
            "max": -0.7524630427360535,
            "count": 44
        },
        "CollectAll.Policy.ExtrinsicValueEstimate.mean": {
            "value": 1.2299546003341675,
            "min": 0.6977577805519104,
            "max": 1.452467679977417,
            "count": 44
        },
        "CollectAll.Policy.GailValueEstimate.mean": {
            "value": 35.2326545715332,
            "min": 31.243993759155273,
            "max": 37.47309112548828,
            "count": 44
        },
        "CollectAll.IsTraining.mean": {
            "value": 1.0,
            "min": 1.0,
            "max": 1.0,
            "count": 44
        },
        "CollectAll.Environment.EpisodeLength.mean": {
            "value": 474.3478260869565,
            "min": 310.78125,
            "max": 599.0,
            "count": 43
        },
        "CollectAll.Losses.PolicyLoss.mean": {
            "value": 0.31398003991014894,
            "min": 0.28104914147236876,
            "max": 0.3411278355853022,
            "count": 43
        },
        "CollectAll.Losses.ValueLoss.mean": {
            "value": 32.303428334164785,
            "min": 8.82202284683474,
            "max": 32.303428334164785,
            "count": 43
        },
        "CollectAll.Policy.LearningRate.mean": {
            "value": 0.00024030527989824668,
            "min": 0.00024030527989824668,
            "max": 0.0002655198981600377,
            "count": 43
        },
        "CollectAll.Policy.Epsilon.mean": {
            "value": 0.18010175333333334,
            "min": 0.18010175333333334,
            "max": 0.1885066288888889,
            "count": 43
        },
        "CollectAll.Policy.Beta.mean": {
            "value": 0.00040249859133333337,
            "min": 0.00040249859133333337,
            "max": 0.00044368248155555556,
            "count": 43
        },
        "CollectAll.Policy.GAILPolicyEstimate.mean": {
            "value": 0.3443577246683344,
            "min": 0.33928043479382136,
            "max": 0.38052497790237894,
            "count": 43
        },
        "CollectAll.Policy.GAILExpertEstimate.mean": {
            "value": 0.6611185169918358,
            "min": 0.6226367918000817,
            "max": 0.6646561336601141,
            "count": 43
        },
        "CollectAll.Losses.GAILLoss.mean": {
            "value": 0.9471767868688593,
            "min": 0.9364639532049606,
            "max": 1.0428150874705495,
            "count": 43
        },
        "CollectAll.Policy.GAILGradMagLoss.mean": {
            "value": 0.0654020804914166,
            "min": 0.05603734408286013,
            "max": 0.07718269318953958,
            "count": 43
        },
        "CollectAll.Losses.PretrainingLoss.mean": {
            "value": 0.20038096734993385,
            "min": 0.19111886597816163,
            "max": 0.21571179015876063,
            "count": 43
        },
        "CollectAll.Environment.CumulativeReward.mean": {
            "value": 5.809523809523809,
            "min": 3.392857142857143,
            "max": 8.38888888888889,
            "count": 43
        },
        "CollectAll.Policy.ExtrinsicReward.mean": {
            "value": 5.809523809523809,
            "min": 3.392857142857143,
            "max": 8.38888888888889,
            "count": 43
        },
        "CollectAll.Policy.GailReward.mean": {
            "value": 180.20390267031533,
            "min": 108.5907813323469,
            "max": 223.10158365302615,
            "count": 43
        }
    },
    "metadata": {
        "timer_format_version": "0.1.0",
        "start_time_seconds": "1620116312",
        "python_version": "3.7.7 (default, May  6 2020, 11:45:54) [MSC v.1916 64 bit (AMD64)]",
        "command_line_arguments": "D:\\Anaconda\\envs\\game_env\\Scripts\\mlagents-learn config/CollectAll1.yaml --run-id=RayImi --resume",
        "mlagents_version": "0.22.0",
        "mlagents_envs_version": "0.22.0",
        "communication_protocol_version": "1.2.0",
        "pytorch_version": "1.7.1+cpu",
        "numpy_version": "1.18.1",
        "end_time_seconds": "1620121030"
    },
    "total": 4718.087816900001,
    "count": 1,
    "self": 0.022660300001007272,
    "children": {
        "run_training.setup": {
            "total": 0.01949310000000004,
            "count": 1,
            "self": 0.01949310000000004
        },
        "TrainerController.start_learning": {
            "total": 4718.0456635,
            "count": 1,
            "self": 4.291457799975433,
            "children": {
                "TrainerController._reset_env": {
                    "total": 15.1667036,
                    "count": 1,
                    "self": 9.803733800000002,
                    "children": {
                        "demo_to_buffer": {
                            "total": 5.362969799999998,
                            "count": 2,
                            "self": 0.0450325999999972,
                            "children": {
                                "load_demonstration": {
                                    "total": 1.970567899999999,
                                    "count": 2,
                                    "self": 1.969752299999998,
                                    "children": {
                                        "read_file": {
                                            "total": 0.0008156000000010266,
                                            "count": 2,
                                            "self": 0.0008156000000010266
                                        }
                                    }
                                },
                                "make_demo_buffer": {
                                    "total": 3.347369300000002,
                                    "count": 2,
                                    "self": 0.746189500000126,
                                    "children": {
                                        "steps_from_proto": {
                                            "total": 2.6011797999998763,
                                            "count": 20692,
                                            "self": 1.084347599999413,
                                            "children": {
                                                "_process_vector_observation": {
                                                    "total": 1.5168322000004633,
                                                    "count": 82768,
                                                    "self": 1.5168322000004633
                                                }
                                            }
                                        }
                                    }
                                }
                            }
                        }
                    }
                },
                "TrainerController.advance": {
                    "total": 4698.392890900025,
                    "count": 49668,
                    "self": 1.8159535999657237,
                    "children": {
                        "env_step": {
                            "total": 4696.576937300059,
                            "count": 49668,
                            "self": 4416.974729000016,
                            "children": {
                                "SubprocessEnvManager._take_step": {
                                    "total": 277.7936796000159,
                                    "count": 49668,
                                    "self": 8.116262700009713,
                                    "children": {
                                        "TorchPolicy.evaluate": {
                                            "total": 269.67741690000616,
                                            "count": 48921,